LAT,LON,lable
10.3007,-85.82570000000001,2.0
10.1544,-85.7757,1.0
10.447,-85.7757,1.0
10.8859,-85.7757,1.0
10.544550000000001,-85.72569999999999,2.0
10.83715,-85.72569999999999,1.0
11.03225,-85.72569999999999,3.0
9.9593,-85.67575,3.0
10.5933,-85.67575,1.0
10.6421,-85.67575,1.0
10.9347,-85.67575,1.0
10.0081,-85.6258,2.0
10.4958,-85.6258,1.0
10.83715,-85.6258,17.0
10.8859,-85.6258,2.0
10.9347,-85.6258,2.0
11.081,-85.6258,1.0
10.0081,-85.5758,1.0
10.83715,-85.5758,1.0
10.8859,-85.5758,3.0
11.03225,-85.5758,1.0
10.5933,-85.5258,1.0
10.69085,-85.5258,1.0
10.83715,-85.5258,1.0
9.86175,-85.47579999999999,6.0
9.9105,-85.47579999999999,1.0
10.2519,-85.47579999999999,1.0
10.3007,-85.47579999999999,1.0
10.9835,-85.47579999999999,1.0
10.9835,-85.42585,8.0
10.1544,-85.3759,2.0
10.349450000000001,-85.32589999999999,34.0
10.3982,-85.32589999999999,4.0
10.7884,-85.32589999999999,2.0
10.83715,-85.32589999999999,1.0
10.349450000000001,-85.27590000000001,4.0
10.3982,-85.27590000000001,1.0
10.544550000000001,-85.27590000000001,2.0
9.71545,-85.2259,1.0
10.7884,-85.2259,1.0
10.83715,-85.2259,1.0
10.8859,-85.2259,3.0
9.6667,-85.17595,1.0
9.56915,-85.126,1.0
10.447,-85.126,1.0
9.6667,-85.076,4.0
10.7396,-85.076,28.0
9.6667,-85.02600000000001,3.0
9.7642,-85.02600000000001,1.0
10.1544,-85.02600000000001,1.0
10.69085,-85.02600000000001,5.0
10.7396,-85.02600000000001,33.0
10.447,-84.976,1.0
10.544550000000001,-84.976,1.0
10.5933,-84.976,1.0
10.69085,-84.976,7.0
10.7396,-84.976,1.0
10.349450000000001,-84.87610000000001,1.0
10.4958,-84.87610000000001,1.0
10.544550000000001,-84.87610000000001,1.0
10.0081,-84.8261,1.0
10.20315,-84.8261,2.0
10.2519,-84.8261,12.0
10.3007,-84.8261,31.0
10.349450000000001,-84.8261,15.0
10.447,-84.8261,3.0
10.4958,-84.8261,11.0
10.3007,-84.7761,13.0
10.349450000000001,-84.7761,7.0
10.3982,-84.7761,4.0
10.447,-84.7761,1.0
10.4958,-84.7761,50.0
10.544550000000001,-84.7761,1.0
10.8859,-84.7761,3.0
10.1056,-84.7261,2.0
10.3982,-84.7261,2.0
10.447,-84.7261,64.0
10.4958,-84.7261,6.0
10.5933,-84.7261,1.0
10.20315,-84.67615,2.0
10.2519,-84.67615,1.0
10.349450000000001,-84.67615,33.0
10.447,-84.67615,110.0
10.4958,-84.67615,27.0
10.544550000000001,-84.67615,6.0
9.56915,-84.62620000000001,3.0
9.6179,-84.62620000000001,3.0
9.71545,-84.62620000000001,2.0
9.7642,-84.62620000000001,60.0
9.813,-84.62620000000001,2.0
10.2519,-84.62620000000001,2.0
10.3982,-84.62620000000001,33.0
10.447,-84.62620000000001,32.0
10.4958,-84.62620000000001,23.0
10.544550000000001,-84.62620000000001,1.0
9.71545,-84.5762,1.0
9.7642,-84.5762,3.0
9.813,-84.5762,2.0
10.1544,-84.5762,1.0
10.3007,-84.5762,2.0
10.3982,-84.5762,2.0
10.447,-84.5762,1.0
10.69085,-84.5762,1.0
10.8859,-84.5762,1.0
9.6667,-84.52619999999999,1.0
9.71545,-84.52619999999999,15.0
10.1056,-84.52619999999999,1.0
10.20315,-84.52619999999999,4.0
10.3007,-84.52619999999999,2.0
10.3982,-84.52619999999999,1.0
10.447,-84.52619999999999,1.0
10.1056,-84.4762,2.0
10.20315,-84.4762,14.0
10.2519,-84.4762,1.0
10.4958,-84.4762,1.0
9.5204,-84.42625000000001,1.0
9.56915,-84.42625000000001,1.0
9.71545,-84.42625000000001,1.0
9.6667,-84.3763,1.0
9.71545,-84.3763,2.0
9.9593,-84.3763,3.0
10.0081,-84.3763,5.0
10.20315,-84.3763,1.0
10.2519,-84.3763,1.0
10.349450000000001,-84.3763,2.0
10.544550000000001,-84.3763,1.0
10.6421,-84.3763,2.0
10.20315,-84.3263,3.0
10.2519,-84.3263,1.0
10.3007,-84.3263,4.0
10.4958,-84.3263,1.0
9.6179,-84.27629999999999,1.0
9.9105,-84.27629999999999,8.0
10.2519,-84.27629999999999,1.0
9.4716,-84.22630000000001,1.0
9.5204,-84.22630000000001,1.0
9.56915,-84.22630000000001,10.0
9.7642,-84.22630000000001,1.0
9.9105,-84.22630000000001,2.0
10.0081,-84.22630000000001,4.0
10.3007,-84.22630000000001,1.0
10.3982,-84.22630000000001,2.0
10.69085,-84.22630000000001,5.0
9.37405,-84.17635,8.0
9.4228,-84.17635,26.0
9.5204,-84.17635,1.0
9.9105,-84.17635,1.0
9.9593,-84.17635,9.0
10.0081,-84.17635,1.0
10.20315,-84.17635,8.0
10.3007,-84.17635,1.0
10.69085,-84.17635,3.0
9.37405,-84.12639999999999,70.0
9.4228,-84.12639999999999,11.0
9.4716,-84.12639999999999,5.0
9.6667,-84.12639999999999,1.0
9.9105,-84.12639999999999,1.0
9.9593,-84.12639999999999,2.0
10.0081,-84.12639999999999,1.0
10.1056,-84.12639999999999,1.0
10.20315,-84.12639999999999,1.0
10.349450000000001,-84.12639999999999,14.0
10.3982,-84.12639999999999,102.0
10.447,-84.12639999999999,12.0
10.544550000000001,-84.12639999999999,1.0
10.5933,-84.12639999999999,1.0
9.37405,-84.0764,2.0
9.5204,-84.0764,1.0
9.6667,-84.0764,1.0
9.813,-84.0764,1.0
9.86175,-84.0764,1.0
9.9105,-84.0764,5.0
9.9593,-84.0764,5.0
10.05685,-84.0764,1.0
10.1056,-84.0764,2.0
10.20315,-84.0764,1.0
10.2519,-84.0764,1.0
10.349450000000001,-84.0764,3.0
10.3982,-84.0764,1.0
10.447,-84.0764,117.0
10.4958,-84.0764,2.0
9.37405,-84.0264,12.0
9.813,-84.0264,1.0
9.9105,-84.0264,1.0
10.05685,-84.0264,1.0
10.1544,-84.0264,1.0
10.20315,-84.0264,1.0
10.2519,-84.0264,1.0
10.3007,-84.0264,10.0
10.349450000000001,-84.0264,13.0
10.3982,-84.0264,10.0
10.447,-84.0264,315.0
10.4958,-84.0264,12.0
10.544550000000001,-84.0264,2.0
9.3253,-83.97640000000001,6.0
9.37405,-83.97640000000001,2.0
9.4228,-83.97640000000001,1.0
9.813,-83.97640000000001,1.0
9.86175,-83.97640000000001,2.0
10.0081,-83.97640000000001,2.0
10.20315,-83.97640000000001,1.0
10.2519,-83.97640000000001,1.0
10.3007,-83.97640000000001,1.0
10.349450000000001,-83.97640000000001,14.0
10.3982,-83.97640000000001,1.0
10.447,-83.97640000000001,9.0
10.4958,-83.97640000000001,7.0
9.37405,-83.92645,3.0
10.1056,-83.92645,2.0
10.1544,-83.92645,46.0
10.20315,-83.92645,5.0
10.3007,-83.92645,2.0
10.349450000000001,-83.92645,2.0
9.22775,-83.8765,2.0
9.2765,-83.8765,17.0
9.813,-83.8765,2.0
9.86175,-83.8765,2.0
10.05685,-83.8765,2.0
10.1544,-83.8765,1.0
10.20315,-83.8765,6.0
10.2519,-83.8765,2.0
10.349450000000001,-83.8765,1.0
10.447,-83.8765,1.0
9.22775,-83.82650000000001,10.0
9.2765,-83.82650000000001,2.0
9.56915,-83.82650000000001,1.0
9.86175,-83.82650000000001,1.0
10.1544,-83.82650000000001,1.0
9.179,-83.7765,1.0
9.22775,-83.7765,4.0
9.2765,-83.7765,6.0
9.3253,-83.7765,2.0
9.4716,-83.7765,1.0
9.56915,-83.7765,5.0
9.7642,-83.7765,33.0
9.813,-83.7765,1.0
9.86175,-83.7765,5.0
10.0081,-83.7765,1.0
10.1544,-83.7765,7.0
10.20315,-83.7765,11.0
10.447,-83.7765,16.0
8.59375,-83.72649999999999,4.0
8.6425,-83.72649999999999,8.0
8.6913,-83.72649999999999,3.0
9.1302,-83.72649999999999,5.0
9.179,-83.72649999999999,8.0
9.22775,-83.72649999999999,2.0
9.2765,-83.72649999999999,1.0
9.3253,-83.72649999999999,5.0
9.37405,-83.72649999999999,1.0
9.4228,-83.72649999999999,1.0
9.6179,-83.72649999999999,1.0
10.05685,-83.72649999999999,1.0
10.1544,-83.72649999999999,1.0
10.544550000000001,-83.72649999999999,4.0
10.5933,-83.72649999999999,1.0
8.6425,-83.67654999999999,1.0
8.6913,-83.67654999999999,24.0
9.22775,-83.67654999999999,1.0
9.2765,-83.67654999999999,6.0
9.37405,-83.67654999999999,2.0
9.4228,-83.67654999999999,6.0
9.6179,-83.67654999999999,2.0
9.7642,-83.67654999999999,6.0
9.86175,-83.67654999999999,1.0
9.9105,-83.67654999999999,18.0
10.1056,-83.67654999999999,1.0
10.69085,-83.67654999999999,1.0
8.6425,-83.6266,7.0
8.6913,-83.6266,3.0
8.7888,-83.6266,2.0
8.8376,-83.6266,1.0
9.0327,-83.6266,6.0
9.08145,-83.6266,2.0
9.179,-83.6266,2.0
9.22775,-83.6266,3.0
9.2765,-83.6266,3.0
9.3253,-83.6266,4.0
9.37405,-83.6266,2.0
9.86175,-83.6266,5.0
10.05685,-83.6266,2.0
10.1544,-83.6266,2.0
8.4474,-83.5766,2.0
8.4962,-83.5766,8.0
8.545,-83.5766,4.0
8.59375,-83.5766,2.0
8.6913,-83.5766,1.0
8.8376,-83.5766,1.0
9.0327,-83.5766,4.0
9.37405,-83.5766,1.0
9.4716,-83.5766,1.0
9.813,-83.5766,8.0
9.86175,-83.5766,1.0
9.9593,-83.5766,2.0
10.1056,-83.5766,1.0
10.20315,-83.5766,1.0
10.2519,-83.5766,1.0
10.447,-83.5766,1.0
8.4474,-83.5266,2.0
8.545,-83.5266,3.0
8.59375,-83.5266,6.0
8.7888,-83.5266,1.0
8.8376,-83.5266,1.0
8.88635,-83.5266,1.0
8.9351,-83.5266,1.0
9.0327,-83.5266,3.0
9.4228,-83.5266,1.0
9.9593,-83.5266,1.0
10.0081,-83.5266,3.0
10.05685,-83.5266,48.0
10.1056,-83.5266,2.0
10.20315,-83.5266,1.0
10.3982,-83.5266,1.0
10.447,-83.5266,7.0
10.4958,-83.5266,6.0
10.544550000000001,-83.5266,66.0
10.5933,-83.5266,19.0
8.4474,-83.47659999999999,23.0
8.4962,-83.47659999999999,4.0
8.545,-83.47659999999999,5.0
8.59375,-83.47659999999999,6.0
8.8376,-83.47659999999999,1.0
8.9351,-83.47659999999999,1.0
8.9839,-83.47659999999999,1.0
9.9593,-83.47659999999999,1.0
10.0081,-83.47659999999999,5.0
10.05685,-83.47659999999999,1.0
10.1056,-83.47659999999999,2.0
10.2519,-83.47659999999999,1.0
10.447,-83.47659999999999,2.0
10.4958,-83.47659999999999,1.0
10.544550000000001,-83.47659999999999,2.0
8.4474,-83.42665,9.0
8.4962,-83.42665,8.0
8.545,-83.42665,41.0
8.59375,-83.42665,10.0
8.6425,-83.42665,4.0
8.8376,-83.42665,1.0
10.447,-83.42665,1.0
8.39865,-83.3767,4.0
8.4962,-83.3767,4.0
8.545,-83.3767,18.0
8.74005,-83.3767,2.0
8.7888,-83.3767,1.0
10.20315,-83.3767,1.0
10.3007,-83.3767,1.0
10.349450000000001,-83.3767,3.0
8.39865,-83.32669999999999,139.0
8.4474,-83.32669999999999,3.0
8.4962,-83.32669999999999,4.0
8.545,-83.32669999999999,7.0
8.6913,-83.32669999999999,2.0
8.74005,-83.32669999999999,2.0
8.7888,-83.32669999999999,2.0
8.9351,-83.32669999999999,2.0
10.05685,-83.32669999999999,1.0
8.39865,-83.2767,18.0
8.4474,-83.2767,2.0
8.4962,-83.2767,2.0
8.6425,-83.2767,13.0
8.6913,-83.2767,2.0
8.7888,-83.2767,1.0
8.9839,-83.2767,4.0
10.1056,-83.2767,1.0
8.6425,-83.2267,1.0
8.6913,-83.2267,54.0
8.74005,-83.2267,3.0
8.7888,-83.2267,1.0
8.9839,-83.2267,1.0
10.1544,-83.2267,10.0
8.6425,-83.17675,2.0
8.6913,-83.17675,5.0
8.74005,-83.17675,2.0
9.9105,-83.17675,26.0
10.0081,-83.17675,3.0
10.1056,-83.17675,1.0
8.39865,-83.1268,1.0
8.59375,-83.1268,1.0
8.6425,-83.1268,15.0
8.6913,-83.1268,1.0
8.88635,-83.1268,6.0
9.86175,-83.1268,1.0
9.9593,-83.1268,2.0
8.39865,-83.07679999999999,1.0
8.59375,-83.07679999999999,13.0
8.6425,-83.07679999999999,1.0
8.6913,-83.07679999999999,1.0
9.6667,-83.07679999999999,2.0
9.813,-83.07679999999999,1.0
9.9105,-83.07679999999999,1.0
9.813,-83.02680000000001,3.0
9.86175,-83.02680000000001,1.0
10.0081,-83.02680000000001,1.0
8.7888,-82.9768,69.0
8.8376,-82.9768,1.0
8.9839,-82.9768,1.0
9.6667,-82.9768,1.0
8.6425,-82.92685,3.0
8.74005,-82.92685,1.0
8.9839,-82.92685,1.0
9.56915,-82.92685,1.0
9.71545,-82.92685,2.0
9.813,-82.92685,1.0
8.6913,-82.8769,1.0
9.56915,-82.8769,1.0
9.6179,-82.8769,4.0
9.6667,-82.8769,1.0
9.71545,-82.8769,2.0
9.7642,-82.8769,9.0
8.9351,-82.8269,1.0
9.6179,-82.8269,11.0
9.6667,-82.8269,22.0
9.71545,-82.8269,16.0
9.6179,-82.77690000000001,2.0
9.6667,-82.77690000000001,17.0
9.6179,-82.7269,22.0
9.6667,-82.7269,9.0
8.9351,-82.67695,1.0
9.56915,-82.67695,1.0
9.6179,-82.67695,36.0
9.56915,-82.62700000000001,8.0
9.6179,-82.62700000000001,45.0
9.4716,-82.577,1.0
9.5204,-82.577,2.0
9.56915,-82.577,5.0
10.5933,-85.42585,0.0
10.7884,-85.72569999999999,0.0
9.4716,-84.17635,0.0
10.9347,-84.87610000000001,0.0
10.05685,-83.1268,0.0
10.4958,-83.92645,0.0
10.349450000000001,-84.22630000000001,0.0
10.7884,-83.67654999999999,0.0
10.349450000000001,-83.2767,0.0
9.0327,-83.32669999999999,0.0
8.7888,-83.47659999999999,0.0
10.2519,-85.92564999999999,0.0
9.813,-82.577,0.0
9.1302,-84.17635,0.0
9.4228,-85.076,0.0
8.88635,-82.62700000000001,0.0
9.56915,-84.7261,0.0
10.05685,-83.3767,0.0
8.6425,-82.67695,0.0
9.813,-84.87610000000001,0.0
9.7642,-83.5266,0.0
10.1544,-85.82570000000001,0.0
10.83715,-84.3763,0.0
8.88635,-83.2767,0.0
9.9593,-83.67654999999999,0.0
8.74005,-82.77690000000001,0.0
10.3982,-83.32669999999999,0.0
9.6667,-85.3759,0.0
9.9105,-83.8765,0.0
9.6667,-84.87610000000001,0.0
9.4716,-83.17675,0.0
10.3982,-85.67575,0.0
9.813,-84.22630000000001,0.0
10.3007,-83.2767,0.0
10.544550000000001,-83.5766,0.0
10.7396,-83.5266,0.0
10.0081,-83.2767,0.0
10.7884,-83.7765,0.0
9.9105,-85.126,0.0
10.2519,-84.7761,0.0
10.6421,-83.92645,0.0
9.9105,-84.42625000000001,0.0
9.6667,-82.62700000000001,0.0
8.2036,-83.1268,0.0
10.05685,-84.3763,0.0
10.1056,-85.47579999999999,0.0
10.3982,-85.02600000000001,0.0
10.447,-85.076,0.0
9.813,-84.8261,0.0
10.05685,-83.42665,0.0
9.08145,-83.2267,0.0
9.08145,-82.577,0.0
9.22775,-83.47659999999999,0.0
11.03225,-85.42585,0.0
10.4958,-84.12639999999999,0.0
8.3011,-83.1268,0.0
8.8376,-83.92645,0.0
10.9835,-85.6258,0.0
10.7396,-83.6266,0.0
10.20315,-84.87610000000001,0.0
9.86175,-85.2259,0.0
10.5933,-84.3763,0.0
10.0081,-84.0264,0.0
8.7888,-83.67654999999999,0.0
9.4228,-85.02600000000001,0.0
9.9593,-85.72569999999999,0.0
10.1056,-84.3763,0.0
9.4228,-84.42625000000001,0.0
9.56915,-82.77690000000001,0.0
10.5933,-84.87610000000001,0.0
8.88635,-83.32669999999999,0.0
9.9105,-85.8757,0.0
8.7888,-83.02680000000001,0.0
10.544550000000001,-83.67654999999999,0.0
10.8859,-84.22630000000001,0.0
10.20315,-83.02680000000001,0.0
10.20315,-84.62620000000001,0.0
10.5933,-84.42625000000001,0.0
9.9105,-85.32589999999999,0.0
9.37405,-84.4762,0.0
10.69085,-84.0764,0.0
10.544550000000001,-84.7261,0.0
9.0327,-83.2767,0.0
10.0081,-83.6266,0.0
10.5933,-83.92645,0.0
9.6179,-85.42585,0.0
9.1302,-82.8769,0.0
10.349450000000001,-85.47579999999999,0.0
10.20315,-85.02600000000001,0.0
10.3007,-84.62620000000001,0.0
9.1302,-83.5266,0.0
10.69085,-83.5266,0.0
10.4958,-85.076,0.0
9.71545,-83.97640000000001,0.0
10.7396,-83.47659999999999,0.0
9.9593,-85.126,0.0
9.71545,-83.6266,0.0
9.37405,-85.17595,0.0
9.9593,-83.42665,0.0
8.4474,-83.3767,0.0
11.17855,-85.6258,0.0
10.05685,-84.27629999999999,0.0
9.4716,-83.3767,0.0
9.86175,-83.72649999999999,0.0
8.39865,-83.02680000000001,0.0
9.56915,-84.87610000000001,0.0
10.8859,-85.076,0.0
8.7888,-83.17675,0.0
10.3982,-84.3263,0.0
9.7642,-85.3759,0.0
9.6667,-83.5766,0.0
8.74005,-83.97640000000001,0.0
9.0327,-84.12639999999999,0.0
10.1544,-83.32669999999999,0.0
8.3011,-83.3767,0.0
8.0573,-83.32669999999999,0.0
9.7642,-82.7269,0.0
10.3007,-85.8757,0.0
9.22775,-84.22630000000001,0.0
9.9593,-85.076,0.0
9.4716,-84.7261,0.0
10.8859,-85.17595,0.0
9.179,-83.2267,0.0
9.37405,-82.62700000000001,0.0
9.6179,-83.42665,0.0
10.9835,-84.7261,0.0
10.7884,-85.82570000000001,0.0
9.1302,-82.7269,0.0
8.9351,-82.9768,0.0
10.0081,-82.8269,0.0
9.9593,-85.6258,0.0
9.9105,-82.77690000000001,0.0
10.5933,-85.126,0.0
9.6179,-84.5762,0.0
9.6667,-84.3263,0.0
8.8376,-83.07679999999999,0.0
9.1302,-83.92645,0.0
9.86175,-83.47659999999999,0.0
8.0573,-83.17675,0.0
9.813,-83.1268,0.0
9.4716,-83.8765,0.0
8.7888,-83.07679999999999,0.0
9.37405,-83.8765,0.0
9.9105,-84.3763,0.0
9.9105,-84.7761,0.0
10.69085,-83.5766,0.0
10.0081,-85.82570000000001,0.0
9.9105,-85.67575,0.0
9.6667,-84.7261,0.0
10.20315,-85.076,0.0
9.4716,-85.17595,0.0
10.544550000000001,-84.27629999999999,0.0
10.3982,-85.076,0.0
10.9347,-85.42585,0.0
11.2273,-85.6258,0.0
10.3982,-83.2767,0.0
9.1302,-84.3763,0.0
9.9593,-83.6266,0.0
10.3007,-84.12639999999999,0.0
10.1544,-82.92685,0.0
9.56915,-83.5266,0.0
9.9593,-85.17595,0.0
10.1544,-84.62620000000001,0.0
9.08145,-82.8769,0.0
9.5204,-83.1268,0.0
9.08145,-84.0264,0.0
10.69085,-83.8765,0.0
10.83715,-84.7761,0.0
10.3007,-85.7757,0.0
9.6179,-85.17595,0.0
10.5933,-84.27629999999999,0.0
9.6667,-83.5266,0.0
10.7884,-84.12639999999999,0.0
10.1544,-85.32589999999999,0.0
11.03225,-85.47579999999999,0.0
9.6667,-84.0264,0.0
10.8859,-83.67654999999999,0.0
9.7642,-84.976,0.0
10.9347,-84.7261,0.0
10.7884,-83.47659999999999,0.0
9.4228,-85.17595,0.0
10.69085,-84.67615,0.0
9.08145,-83.3767,0.0
10.447,-83.3767,0.0
8.10605,-83.2267,0.0
10.447,-85.47579999999999,0.0
10.5933,-84.3263,0.0
10.83715,-85.3759,0.0
9.813,-82.77690000000001,0.0
9.9105,-83.5766,0.0
10.0081,-82.7269,0.0
10.7396,-84.67615,0.0
10.5933,-85.72569999999999,0.0
8.25235,-83.5266,0.0
9.4228,-84.3263,0.0
9.9593,-83.17675,0.0
9.813,-83.2267,0.0
8.74005,-82.577,0.0
10.7396,-84.0264,0.0
10.83715,-84.0264,0.0
9.4716,-84.92605,0.0
9.1302,-82.67695,0.0
10.0081,-84.62620000000001,0.0
9.179,-84.0264,0.0
10.349450000000001,-85.02600000000001,0.0
10.544550000000001,-83.3767,0.0
10.7396,-85.82570000000001,0.0
9.9105,-82.577,0.0
9.6179,-84.7761,0.0
8.4962,-82.77690000000001,0.0
8.74005,-82.9768,0.0
10.3007,-85.42585,0.0
11.081,-85.67575,0.0
8.8376,-83.72649999999999,0.0
10.5933,-84.17635,0.0
10.7884,-84.3263,0.0
10.20315,-85.2259,0.0
10.544550000000001,-84.22630000000001,0.0
8.59375,-83.82650000000001,0.0
8.6425,-83.7765,0.0
10.2519,-83.02680000000001,0.0
9.86175,-83.2267,0.0
8.59375,-83.97640000000001,0.0
8.3499,-83.47659999999999,0.0
9.86175,-85.5758,0.0
8.4474,-83.6266,0.0
9.71545,-83.42665,0.0
9.1302,-83.6266,0.0
10.7396,-83.42665,0.0
8.9839,-82.8269,0.0
9.7642,-83.5766,0.0
8.6425,-83.8765,0.0
10.2519,-83.1268,0.0
8.6425,-83.82650000000001,0.0
9.71545,-84.976,0.0
10.1056,-83.42665,0.0
9.9593,-84.976,0.0
10.8859,-84.7261,0.0
9.08145,-83.1268,0.0
8.9351,-83.8765,0.0
8.74005,-82.67695,0.0
8.4962,-83.07679999999999,0.0
11.081,-85.126,0.0
9.813,-82.8269,0.0
10.1544,-85.72569999999999,0.0
10.05685,-83.67654999999999,0.0
8.8376,-83.8765,0.0
8.2036,-83.07679999999999,0.0
9.56915,-83.97640000000001,0.0
10.7884,-83.72649999999999,0.0
9.86175,-82.67695,0.0
9.08145,-83.7765,0.0
8.545,-83.72649999999999,0.0
9.6667,-84.42625000000001,0.0
9.56915,-83.2767,0.0
8.59375,-82.8269,0.0
8.25235,-83.32669999999999,0.0
10.2519,-84.87610000000001,0.0
9.56915,-85.3759,0.0
10.1056,-84.22630000000001,0.0
10.5933,-85.82570000000001,0.0
9.37405,-84.52619999999999,0.0
9.4228,-83.3767,0.0
10.1056,-82.8769,0.0
8.7888,-83.97640000000001,0.0
10.7396,-84.4762,0.0
8.9839,-83.82650000000001,0.0
10.7396,-85.42585,0.0
9.6179,-84.0264,0.0
8.7888,-82.62700000000001,0.0
10.7884,-84.0764,0.0
9.7642,-83.2267,0.0
10.05685,-83.7765,0.0
9.179,-84.3763,0.0
9.1302,-84.22630000000001,0.0
10.9835,-84.8261,0.0
10.2519,-84.42625000000001,0.0
8.59375,-82.7269,0.0
9.08145,-84.3263,0.0
9.37405,-84.5762,0.0
9.4228,-83.7765,0.0
9.4228,-83.07679999999999,0.0
9.71545,-84.3263,0.0
10.3982,-83.67654999999999,0.0
10.0081,-85.2259,0.0
10.2519,-84.12639999999999,0.0
11.03225,-85.2259,0.0
10.447,-85.5258,0.0
10.8859,-85.3759,0.0
10.0081,-83.1268,0.0
9.22775,-84.3763,0.0
9.9593,-82.92685,0.0
9.6179,-83.17675,0.0
10.9835,-84.4762,0.0
10.9835,-85.8757,0.0
10.349450000000001,-84.5762,0.0
11.17855,-85.72569999999999,0.0
9.4228,-84.67615,0.0
8.39865,-83.6266,0.0
10.1056,-83.82650000000001,0.0
9.6179,-83.1268,0.0
10.7396,-84.62620000000001,0.0
10.544550000000001,-85.2259,0.0
11.1298,-85.5758,0.0
10.4958,-85.3759,0.0
10.3007,-83.7765,0.0
9.37405,-82.7269,0.0
10.3007,-83.42665,0.0
9.179,-83.2767,0.0
8.1548,-83.42665,0.0
9.5204,-82.9768,0.0
9.813,-83.6266,0.0
10.447,-85.8757,0.0
9.4716,-85.32589999999999,0.0
8.9839,-82.7269,0.0
11.1298,-85.8757,0.0
9.4228,-85.126,0.0
9.4716,-84.3763,0.0
10.7884,-84.976,0.0
8.88635,-82.8769,0.0
8.8376,-83.2267,0.0
11.2273,-85.7757,0.0
9.6667,-83.2267,0.0
10.69085,-85.27590000000001,0.0
10.69085,-85.47579999999999,0.0
10.0081,-85.47579999999999,0.0
9.4228,-82.62700000000001,0.0
9.9593,-83.72649999999999,0.0
8.8376,-82.8769,0.0
10.3982,-83.82650000000001,0.0
8.39865,-83.72649999999999,0.0
9.6667,-85.126,0.0
10.3982,-83.3767,0.0
10.69085,-85.7757,0.0
10.1056,-85.82570000000001,0.0
8.10605,-83.1268,0.0
9.86175,-85.126,0.0
9.813,-82.8769,0.0
9.08145,-83.82650000000001,0.0
9.7642,-83.17675,0.0
8.4474,-83.67654999999999,0.0
10.4958,-85.92564999999999,0.0
9.08145,-82.92685,0.0
9.4716,-84.4762,0.0
10.3982,-83.7765,0.0
9.4716,-83.32669999999999,0.0
9.08145,-83.5266,0.0
8.25235,-83.1268,0.0
8.545,-83.2767,0.0
8.6913,-82.77690000000001,0.0
10.6421,-83.5766,0.0
9.08145,-82.7269,0.0
9.7642,-83.6266,0.0
9.179,-83.82650000000001,0.0
8.6913,-82.92685,0.0
10.3007,-83.17675,0.0
9.86175,-82.8269,0.0
10.7396,-85.27590000000001,0.0
8.2036,-83.02680000000001,0.0
10.5933,-83.97640000000001,0.0
11.081,-85.42585,0.0
9.813,-84.52619999999999,0.0
8.3499,-83.5766,0.0
8.3011,-83.47659999999999,0.0
10.3982,-85.92564999999999,0.0
8.9839,-82.67695,0.0
9.22775,-83.42665,0.0
8.3499,-83.17675,0.0
9.9105,-83.82650000000001,0.0
10.8859,-84.976,0.0
8.4962,-83.82650000000001,0.0
9.1302,-82.77690000000001,0.0
10.3982,-83.72649999999999,0.0
9.08145,-83.17675,0.0
9.9105,-83.5266,0.0
10.83715,-83.5766,0.0
11.081,-84.87610000000001,0.0
8.9351,-83.72649999999999,0.0
10.1056,-85.67575,0.0
9.4716,-83.82650000000001,0.0
8.88635,-83.5766,0.0
8.6425,-83.92645,0.0
10.2519,-83.3767,0.0
10.3982,-85.72569999999999,0.0
9.9105,-83.02680000000001,0.0
9.4716,-82.8269,0.0
10.20315,-84.92605,0.0
10.7884,-84.0264,0.0
10.5933,-84.52619999999999,0.0
9.86175,-83.92645,0.0
9.0327,-83.1268,0.0
8.7888,-83.5766,0.0
10.8859,-84.27629999999999,0.0
9.1302,-83.3767,0.0
10.05685,-84.8261,0.0
9.08145,-83.72649999999999,0.0
10.83715,-83.72649999999999,0.0
9.813,-85.17595,0.0
9.86175,-84.67615,0.0
9.56915,-83.3767,0.0
9.56915,-83.67654999999999,0.0
10.6421,-85.92564999999999,0.0
10.544550000000001,-85.17595,0.0
10.1544,-82.9768,0.0
9.9593,-85.8757,0.0
8.545,-82.8269,0.0
10.447,-84.42625000000001,0.0
10.05685,-82.8769,0.0
9.4228,-84.4762,0.0
11.03225,-84.87610000000001,0.0
9.86175,-83.07679999999999,0.0
9.86175,-83.17675,0.0
10.05685,-85.5258,0.0
8.25235,-83.42665,0.0
10.5933,-84.8261,0.0
10.7396,-83.7765,0.0
10.6421,-85.2259,0.0
9.6179,-84.976,0.0
10.05685,-84.52619999999999,0.0
10.7884,-85.42585,0.0
11.03225,-85.82570000000001,0.0
10.05685,-82.8269,0.0
8.9351,-82.62700000000001,0.0
9.7642,-84.3263,0.0
8.4474,-83.8765,0.0
9.9593,-82.577,0.0
9.813,-84.7261,0.0
10.20315,-85.8757,0.0
10.447,-85.32589999999999,0.0
10.83715,-85.42585,0.0
10.544550000000001,-83.82650000000001,0.0
9.9593,-83.2267,0.0
10.4958,-84.976,0.0
9.56915,-83.5766,0.0
9.08145,-84.22630000000001,0.0
8.4474,-83.1268,0.0
10.05685,-85.72569999999999,0.0
10.9347,-85.3759,0.0
9.56915,-82.8269,0.0
10.7884,-83.3767,0.0
8.1548,-83.02680000000001,0.0
10.7884,-85.17595,0.0
9.9105,-85.7757,0.0
9.5204,-84.5762,0.0
8.4962,-83.7765,0.0
10.20315,-84.7261,0.0
10.7396,-83.67654999999999,0.0
9.4716,-85.2259,0.0
9.08145,-82.77690000000001,0.0
8.2036,-83.47659999999999,0.0
10.1544,-85.17595,0.0
9.0327,-82.9768,0.0
9.9593,-84.52619999999999,0.0
10.2519,-84.22630000000001,0.0
11.03225,-85.17595,0.0
11.1298,-85.82570000000001,0.0
9.4716,-85.126,0.0
10.83715,-84.87610000000001,0.0
9.71545,-83.7765,0.0
8.6913,-83.42665,0.0
8.74005,-83.5266,0.0
8.74005,-83.1268,0.0
10.6421,-85.42585,0.0
10.3007,-85.67575,0.0
8.4474,-82.9768,0.0
10.1056,-85.72569999999999,0.0
9.71545,-83.17675,0.0
10.3007,-84.976,0.0
9.9105,-83.97640000000001,0.0
9.22775,-83.5766,0.0
10.349450000000001,-85.92564999999999,0.0
10.2519,-83.07679999999999,0.0
10.83715,-84.4762,0.0
9.3253,-83.3767,0.0
9.6179,-84.0764,0.0
10.1056,-85.5258,0.0
9.2765,-84.12639999999999,0.0
10.544550000000001,-84.92605,0.0
10.5933,-83.2767,0.0
10.7396,-84.0764,0.0
10.0081,-82.92685,0.0
8.2036,-83.42665,0.0
9.9105,-85.076,0.0
9.56915,-85.32589999999999,0.0
10.7884,-83.42665,0.0
9.9593,-85.47579999999999,0.0
10.4958,-83.8765,0.0
10.69085,-84.7261,0.0
9.1302,-83.32669999999999,0.0
10.9835,-84.67615,0.0
10.6421,-85.02600000000001,0.0
9.1302,-83.7765,0.0
8.4962,-83.8765,0.0
10.3982,-84.8261,0.0
9.9105,-85.02600000000001,0.0
10.05685,-85.5758,0.0
10.447,-85.82570000000001,0.0
9.86175,-84.7761,0.0
10.3007,-83.5266,0.0
10.2519,-84.17635,0.0
8.4474,-82.8269,0.0
10.7396,-84.5762,0.0
10.9347,-84.4762,0.0
10.1544,-83.5266,0.0
11.03225,-85.5258,0.0
9.9105,-82.92685,0.0
8.88635,-83.2267,0.0
9.6179,-83.5266,0.0
10.8859,-85.47579999999999,0.0
10.544550000000001,-84.8261,0.0
10.69085,-83.47659999999999,0.0
10.4958,-84.5762,0.0
9.179,-83.5266,0.0
9.7642,-84.17635,0.0
10.349450000000001,-83.82650000000001,0.0
11.2273,-85.67575,0.0
10.7396,-85.17595,0.0
9.71545,-85.27590000000001,0.0
10.83715,-85.02600000000001,0.0
10.4958,-84.42625000000001,0.0
10.7396,-84.12639999999999,0.0
9.6667,-84.22630000000001,0.0
9.9593,-84.5762,0.0
10.0081,-84.52619999999999,0.0
10.8859,-84.0764,0.0
8.6425,-83.32669999999999,0.0
8.25235,-83.72649999999999,0.0
10.69085,-84.92605,0.0
10.7396,-85.67575,0.0
8.88635,-82.577,0.0
9.3253,-83.8765,0.0
10.6421,-83.97640000000001,0.0
10.447,-84.17635,0.0
9.813,-84.92605,0.0
10.0081,-82.62700000000001,0.0
10.9835,-84.92605,0.0
10.3007,-85.3759,0.0
9.5204,-84.3263,0.0
10.9347,-84.8261,0.0
8.8376,-82.67695,0.0
9.9593,-83.07679999999999,0.0
9.9105,-83.1268,0.0
8.39865,-83.82650000000001,0.0
9.7642,-83.97640000000001,0.0
9.9105,-82.7269,0.0
9.08145,-83.07679999999999,0.0
9.0327,-82.67695,0.0
10.1056,-85.076,0.0
9.1302,-84.3263,0.0
9.5204,-83.47659999999999,0.0
10.2519,-83.42665,0.0
10.0081,-82.67695,0.0
10.447,-84.3763,0.0
10.0081,-82.9768,0.0
9.5204,-84.52619999999999,0.0
11.1298,-85.92564999999999,0.0
10.447,-84.87610000000001,0.0
10.6421,-84.0764,0.0
8.74005,-83.67654999999999,0.0
9.9105,-85.72569999999999,0.0
8.25235,-83.02680000000001,0.0
9.813,-85.3759,0.0
9.1302,-82.577,0.0
9.0327,-83.97640000000001,0.0
9.56915,-85.2259,0.0
9.5204,-84.0264,0.0
10.69085,-85.076,0.0
9.6179,-83.8765,0.0
10.69085,-85.3759,0.0
10.8859,-84.17635,0.0
10.9835,-84.3763,0.0
9.813,-85.5758,0.0
8.9839,-83.02680000000001,0.0
9.08145,-82.9768,0.0
10.2519,-83.7765,0.0
11.081,-84.67615,0.0
10.20315,-85.67575,0.0
10.544550000000001,-85.3759,0.0
9.9105,-83.42665,0.0
10.69085,-83.7765,0.0
10.5933,-83.47659999999999,0.0
9.4228,-83.47659999999999,0.0
10.544550000000001,-84.3263,0.0
10.6421,-83.67654999999999,0.0
9.5204,-82.8269,0.0
10.1544,-84.17635,0.0
8.74005,-83.8765,0.0
10.83715,-85.82570000000001,0.0
9.08145,-83.5766,0.0
9.9105,-83.47659999999999,0.0
9.56915,-83.1268,0.0
9.6667,-83.02680000000001,0.0
8.59375,-82.77690000000001,0.0
9.71545,-85.02600000000001,0.0
9.4716,-84.52619999999999,0.0
9.6179,-83.82650000000001,0.0
10.3982,-83.1268,0.0
8.2036,-83.17675,0.0
10.4958,-85.17595,0.0
8.3499,-83.07679999999999,0.0
9.08145,-83.02680000000001,0.0
10.8859,-83.6266,0.0
10.9835,-85.82570000000001,0.0
9.5204,-82.92685,0.0
9.0327,-84.27629999999999,0.0
9.9593,-84.92605,0.0
11.03225,-84.4762,0.0
9.0327,-82.577,0.0
10.447,-83.67654999999999,0.0
8.6913,-83.47659999999999,0.0
9.6667,-83.97640000000001,0.0
9.0327,-83.67654999999999,0.0
10.3982,-84.92605,0.0
10.8859,-85.8757,0.0
9.9593,-84.22630000000001,0.0
9.9593,-83.8765,0.0
10.6421,-85.82570000000001,0.0
9.71545,-84.87610000000001,0.0
10.7396,-84.7261,0.0
9.2765,-84.3763,0.0
9.6667,-82.67695,0.0
9.6179,-83.07679999999999,0.0
8.8376,-83.82650000000001,0.0
9.5204,-83.5266,0.0
10.349450000000001,-85.3759,0.0
10.5933,-85.8757,0.0
10.6421,-83.6266,0.0
8.545,-83.17675,0.0
10.9347,-85.5258,0.0
10.3007,-83.1268,0.0
10.1544,-83.42665,0.0
8.10605,-83.17675,0.0
9.5204,-83.42665,0.0
9.71545,-84.17635,0.0
9.0327,-83.3767,0.0
9.9593,-83.02680000000001,0.0
11.1298,-85.27590000000001,0.0
9.7642,-85.67575,0.0
8.8376,-83.3767,0.0
9.4716,-85.076,0.0
10.7884,-85.02600000000001,0.0
9.4716,-83.97640000000001,0.0
10.20315,-83.42665,0.0
9.6179,-84.42625000000001,0.0
9.4716,-83.5266,0.0
9.5204,-84.3763,0.0
10.1544,-85.5758,0.0
10.2519,-85.42585,0.0
8.8376,-82.7269,0.0
10.9835,-84.52619999999999,0.0
10.9835,-85.02600000000001,0.0
9.179,-83.17675,0.0
9.7642,-84.92605,0.0
11.081,-85.82570000000001,0.0
10.83715,-84.22630000000001,0.0
8.88635,-83.8765,0.0
8.3499,-83.32669999999999,0.0
9.4228,-84.27629999999999,0.0
9.9593,-85.82570000000001,0.0
9.0327,-83.7765,0.0
10.1544,-83.97640000000001,0.0
9.3253,-82.62700000000001,0.0
9.1302,-82.8269,0.0
8.9839,-82.62700000000001,0.0
9.813,-84.42625000000001,0.0
9.86175,-82.9768,0.0
10.5933,-84.0764,0.0
10.05685,-83.5766,0.0
9.71545,-83.47659999999999,0.0
8.3011,-83.32669999999999,0.0
9.86175,-82.92685,0.0
9.9593,-84.62620000000001,0.0
10.0081,-83.07679999999999,0.0
8.7888,-82.577,0.0
8.7888,-82.7269,0.0
10.6421,-84.5762,0.0
8.39865,-82.9768,0.0
10.20315,-82.92685,0.0
10.1056,-84.27629999999999,0.0
9.56915,-85.17595,0.0
10.7884,-85.8757,0.0
9.7642,-83.8765,0.0
9.813,-85.82570000000001,0.0
10.8859,-85.72569999999999,0.0
10.3007,-83.82650000000001,0.0
9.6179,-85.27590000000001,0.0
9.6667,-84.7761,0.0
9.6179,-85.3759,0.0
8.74005,-83.82650000000001,0.0
10.349450000000001,-85.076,0.0
8.74005,-83.72649999999999,0.0
10.7396,-85.3759,0.0
8.7888,-82.8269,0.0
9.7642,-83.07679999999999,0.0
9.08145,-83.32669999999999,0.0
10.20315,-85.47579999999999,0.0
8.4962,-83.72649999999999,0.0
10.1544,-84.27629999999999,0.0
8.10605,-83.3767,0.0
10.05685,-85.27590000000001,0.0
9.6179,-84.52619999999999,0.0
10.9835,-85.72569999999999,0.0
10.7884,-84.27629999999999,0.0
9.6667,-83.42665,0.0
9.813,-84.3763,0.0
10.20315,-84.5762,0.0
9.71545,-85.5758,0.0
10.447,-85.2259,0.0
10.1544,-85.8757,0.0
10.9835,-85.7757,0.0
10.5933,-83.2267,0.0
9.7642,-83.42665,0.0
10.7884,-84.5762,0.0
10.6421,-85.17595,0.0
10.4958,-83.6266,0.0
9.86175,-85.67575,0.0
10.7396,-84.17635,0.0
9.56915,-85.27590000000001,0.0
9.6179,-83.92645,0.0
10.7396,-85.47579999999999,0.0
8.39865,-82.92685,0.0
10.1544,-85.27590000000001,0.0
10.3007,-84.27629999999999,0.0
9.56915,-82.7269,0.0
9.2765,-84.0264,0.0
9.9105,-84.4762,0.0
10.9347,-85.27590000000001,0.0
8.7888,-83.8765,0.0
10.6421,-84.3263,0.0
9.37405,-83.82650000000001,0.0
10.5933,-85.6258,0.0
10.8859,-85.42585,0.0
9.9593,-83.82650000000001,0.0
10.83715,-85.47579999999999,0.0
8.9351,-83.42665,0.0
8.74005,-83.2767,0.0
10.20315,-85.3759,0.0
9.6667,-83.1268,0.0
10.9347,-85.5758,0.0
9.4228,-83.02680000000001,0.0
9.71545,-83.72649999999999,0.0
10.4958,-84.92605,0.0
10.7396,-83.2767,0.0
10.1056,-84.8261,0.0
10.83715,-84.7261,0.0
9.6667,-83.6266,0.0
10.7396,-85.32589999999999,0.0
10.9347,-85.7757,0.0
9.9593,-84.7261,0.0
9.08145,-84.0764,0.0
8.25235,-83.5766,0.0
9.7642,-84.12639999999999,0.0
10.69085,-83.92645,0.0
8.88635,-83.3767,0.0
9.9105,-83.7765,0.0
9.08145,-83.2767,0.0
10.544550000000001,-85.67575,0.0
9.3253,-84.3763,0.0
10.5933,-85.32589999999999,0.0
10.6421,-84.8261,0.0
8.1548,-83.17675,0.0
9.71545,-85.42585,0.0
9.6179,-85.2259,0.0
10.83715,-85.076,0.0
9.4716,-85.02600000000001,0.0
10.544550000000001,-83.32669999999999,0.0
9.9105,-85.42585,0.0
9.9105,-84.5762,0.0
9.4716,-84.87610000000001,0.0
9.6667,-85.42585,0.0
10.8859,-84.8261,0.0
9.1302,-82.62700000000001,0.0
10.83715,-84.52619999999999,0.0
10.1056,-84.976,0.0
10.9835,-85.92564999999999,0.0
10.0081,-85.076,0.0
10.349450000000001,-83.5266,0.0
10.3982,-85.47579999999999,0.0
8.88635,-83.42665,0.0
10.6421,-84.52619999999999,0.0
9.5204,-85.2259,0.0
10.83715,-84.8261,0.0
9.9593,-83.32669999999999,0.0
10.83715,-83.5266,0.0
8.59375,-83.67654999999999,0.0
10.1544,-84.3763,0.0
11.03225,-84.42625000000001,0.0
8.9839,-83.5766,0.0
10.0081,-85.3759,0.0
8.74005,-83.47659999999999,0.0
8.4474,-83.07679999999999,0.0
10.7884,-83.8765,0.0
9.4716,-84.7761,0.0
9.7642,-85.17595,0.0
9.86175,-84.3763,0.0
10.7884,-84.8261,0.0
9.56915,-84.12639999999999,0.0
8.7888,-83.42665,0.0
10.4958,-83.67654999999999,0.0
9.56915,-84.0764,0.0
10.20315,-83.72649999999999,0.0
9.9105,-83.32669999999999,0.0
11.1298,-85.42585,0.0
8.88635,-83.67654999999999,0.0
11.17855,-85.47579999999999,0.0
8.9351,-82.577,0.0
10.6421,-85.5758,0.0
9.4228,-83.92645,0.0
9.71545,-85.32589999999999,0.0
10.20315,-84.7761,0.0
10.6421,-85.126,0.0
8.88635,-82.7269,0.0
9.1302,-82.9768,0.0
10.349450000000001,-85.126,0.0
10.349450000000001,-84.92605,0.0
10.2519,-83.92645,0.0
9.3253,-82.7269,0.0
9.6179,-84.22630000000001,0.0
10.8859,-85.67575,0.0
8.7888,-82.92685,0.0
10.349450000000001,-85.5758,0.0
9.86175,-84.4762,0.0
8.3499,-83.6266,0.0
9.9105,-84.8261,0.0
9.5204,-83.72649999999999,0.0
10.544550000000001,-85.6258,0.0
10.3007,-83.47659999999999,0.0
9.179,-84.17635,0.0
10.7396,-85.92564999999999,0.0
9.179,-83.32669999999999,0.0
9.5204,-83.67654999999999,0.0
10.2519,-83.6266,0.0
11.17855,-85.42585,0.0
10.447,-84.22630000000001,0.0
10.4958,-83.82650000000001,0.0
10.1056,-85.27590000000001,0.0
9.4228,-84.92605,0.0
9.7642,-84.27629999999999,0.0
8.3011,-83.17675,0.0
8.74005,-82.8269,0.0
10.4958,-85.5258,0.0
11.1298,-85.32589999999999,0.0
10.349450000000001,-83.42665,0.0
10.447,-85.17595,0.0
9.71545,-84.92605,0.0
8.10605,-83.32669999999999,0.0
9.6179,-83.7765,0.0
11.081,-85.27590000000001,0.0
8.9351,-83.3767,0.0
9.6179,-84.3263,0.0
9.0327,-82.92685,0.0
10.20315,-85.72569999999999,0.0
10.1544,-84.976,0.0
8.8376,-83.97640000000001,0.0
9.179,-83.8765,0.0
9.9105,-83.6266,0.0
10.69085,-85.5758,0.0
9.813,-84.17635,0.0
9.9105,-85.5258,0.0
9.37405,-83.7765,0.0
9.0327,-84.22630000000001,0.0
10.7396,-83.97640000000001,0.0
9.4228,-84.7761,0.0
9.2765,-83.5266,0.0
11.03225,-84.62620000000001,0.0
10.1544,-84.12639999999999,0.0
9.813,-83.5266,0.0
10.349450000000001,-85.7757,0.0
9.5204,-82.7269,0.0
10.3007,-84.7261,0.0
10.544550000000001,-83.6266,0.0
9.3253,-84.42625000000001,0.0
8.0573,-83.2267,0.0
10.9347,-84.92605,0.0
10.69085,-84.42625000000001,0.0
8.88635,-82.67695,0.0
11.17855,-85.3759,0.0
9.9105,-85.17595,0.0
10.6421,-84.27629999999999,0.0
8.9839,-83.3767,0.0
9.86175,-82.62700000000001,0.0
10.83715,-84.92605,0.0
9.0327,-83.92645,0.0
11.1298,-85.72569999999999,0.0
10.4958,-85.7757,0.0
9.86175,-83.3767,0.0
10.7396,-85.7757,0.0
11.081,-85.47579999999999,0.0
9.5204,-84.92605,0.0
10.9835,-85.27590000000001,0.0
10.544550000000001,-84.17635,0.0
10.69085,-85.67575,0.0
10.4958,-85.8757,0.0
8.6913,-82.8269,0.0
10.544550000000001,-85.42585,0.0
9.0327,-82.7269,0.0
10.349450000000001,-85.67575,0.0
10.5933,-84.0264,0.0
10.0081,-82.77690000000001,0.0
10.05685,-83.02680000000001,0.0
9.7642,-85.2259,0.0
10.69085,-83.32669999999999,0.0
8.59375,-82.67695,0.0
9.08145,-84.27629999999999,0.0
9.813,-83.3767,0.0
9.6179,-85.32589999999999,0.0
10.6421,-84.67615,0.0
8.3499,-83.2767,0.0
9.179,-82.8269,0.0
10.447,-85.67575,0.0
9.7642,-83.47659999999999,0.0
10.05685,-84.3263,0.0
10.3982,-83.47659999999999,0.0
10.20315,-83.2767,0.0
8.88635,-83.47659999999999,0.0
9.179,-83.07679999999999,0.0
10.69085,-84.52619999999999,0.0
8.4962,-82.92685,0.0
10.1056,-84.17635,0.0
9.813,-84.976,0.0
10.447,-83.2767,0.0
10.544550000000001,-84.4762,0.0
9.1302,-82.92685,0.0
10.8859,-84.87610000000001,0.0
9.9593,-84.27629999999999,0.0
9.71545,-84.7761,0.0
10.349450000000001,-85.5258,0.0
9.37405,-85.2259,0.0
8.3011,-83.5766,0.0
10.9347,-85.2259,0.0
10.69085,-83.82650000000001,0.0
9.6667,-84.27629999999999,0.0
9.56915,-84.5762,0.0
8.9839,-83.07679999999999,0.0
9.9593,-85.42585,0.0
8.6913,-83.5266,0.0
10.6421,-84.87610000000001,0.0
10.1544,-83.17675,0.0
8.1548,-83.3767,0.0
8.88635,-83.02680000000001,0.0
9.3253,-82.67695,0.0
8.7888,-83.72649999999999,0.0
9.37405,-82.8269,0.0
8.545,-82.92685,0.0
10.3982,-85.6258,0.0
9.6179,-85.076,0.0
9.5204,-84.976,0.0
8.3499,-83.3767,0.0
10.1544,-85.076,0.0
10.3982,-85.5758,0.0
8.39865,-82.8769,0.0
11.2273,-85.5758,0.0
9.4716,-84.976,0.0
10.7884,-84.4762,0.0
9.86175,-83.42665,0.0
9.37405,-84.67615,0.0
9.71545,-85.126,0.0
10.1056,-85.02600000000001,0.0
9.813,-85.32589999999999,0.0
9.37405,-84.3263,0.0
10.544550000000001,-83.2767,0.0
8.8376,-82.92685,0.0
9.22775,-83.5266,0.0
8.6425,-82.9768,0.0
8.74005,-83.02680000000001,0.0
10.3007,-85.17595,0.0
10.1056,-83.97640000000001,0.0
10.7396,-83.8765,0.0
9.86175,-84.5762,0.0
10.7884,-84.92605,0.0
9.71545,-83.5266,0.0
8.9839,-83.67654999999999,0.0
10.349450000000001,-84.7261,0.0
9.7642,-85.5258,0.0
8.2036,-83.3767,0.0
10.3982,-83.92645,0.0
9.9105,-83.2267,0.0
10.9347,-84.5762,0.0
11.03225,-84.5762,0.0
9.0327,-83.82650000000001,0.0
9.813,-84.3263,0.0
10.7396,-85.5258,0.0
9.5204,-85.02600000000001,0.0
10.7884,-84.22630000000001,0.0
9.9105,-84.976,0.0
10.5933,-83.6266,0.0
9.813,-85.42585,0.0
9.5204,-83.17675,0.0
8.3011,-82.9768,0.0
8.74005,-82.7269,0.0
10.20315,-85.5258,0.0
9.71545,-84.27629999999999,0.0
8.545,-83.8765,0.0
8.88635,-82.8269,0.0
11.081,-84.5762,0.0
10.20315,-85.126,0.0
10.7884,-83.5766,0.0
9.37405,-82.77690000000001,0.0
10.5933,-83.8765,0.0
10.5933,-84.7761,0.0
10.83715,-83.82650000000001,0.0
9.4716,-82.77690000000001,0.0
9.7642,-85.5758,0.0
10.3007,-85.5258,0.0
9.9105,-85.6258,0.0
9.4716,-84.62620000000001,0.0
11.081,-85.5758,0.0
10.544550000000001,-83.92645,0.0
10.7396,-84.8261,0.0
9.179,-83.47659999999999,0.0
10.9835,-85.3759,0.0
10.1056,-85.126,0.0
8.6425,-83.5266,0.0
9.7642,-84.52619999999999,0.0
10.3982,-83.8765,0.0
9.08145,-82.67695,0.0
10.1544,-84.7761,0.0
9.37405,-85.076,0.0
9.9105,-84.62620000000001,0.0
10.349450000000001,-85.8757,0.0
10.1056,-85.17595,0.0
9.179,-83.42665,0.0
8.3499,-83.1268,0.0
10.7884,-84.87610000000001,0.0
10.544550000000001,-84.52619999999999,0.0
9.813,-83.72649999999999,0.0
10.8859,-84.92605,0.0
8.8376,-82.8269,0.0
9.71545,-85.6258,0.0
9.56915,-83.72649999999999,0.0
9.6667,-84.8261,0.0
8.9351,-83.7765,0.0
8.25235,-83.17675,0.0
9.71545,-84.12639999999999,0.0
10.0081,-84.87610000000001,0.0
10.05685,-83.2267,0.0
10.7884,-84.7761,0.0
9.6179,-83.6266,0.0
9.37405,-83.3767,0.0
9.3253,-83.67654999999999,0.0
10.5933,-85.5758,0.0
10.3007,-84.4762,0.0
9.6179,-84.4762,0.0
10.9347,-85.02600000000001,0.0
9.6667,-83.72649999999999,0.0
9.813,-83.32669999999999,0.0
9.9593,-84.4762,0.0
10.0081,-84.92605,0.0
10.9835,-85.2259,0.0
10.0081,-84.7761,0.0
10.4958,-84.22630000000001,0.0
9.5204,-85.076,0.0
10.6421,-84.7261,0.0
10.1544,-85.2259,0.0
8.2036,-83.6266,0.0
10.5933,-83.5766,0.0
10.7396,-83.32669999999999,0.0
10.7884,-85.5258,0.0
9.0327,-84.17635,0.0
10.4958,-84.3763,0.0
9.2765,-84.3263,0.0
10.7396,-85.6258,0.0
9.4228,-82.77690000000001,0.0
10.7884,-85.92564999999999,0.0
10.20315,-83.6266,0.0
8.59375,-83.02680000000001,0.0
9.6179,-83.2267,0.0
9.9593,-84.67615,0.0
9.3253,-83.32669999999999,0.0
10.2519,-85.17595,0.0
9.9105,-85.27590000000001,0.0
10.349450000000001,-85.82570000000001,0.0
8.88635,-83.82650000000001,0.0
10.7884,-83.82650000000001,0.0
9.7642,-85.47579999999999,0.0
10.7396,-85.2259,0.0
10.2519,-84.52619999999999,0.0
8.9839,-83.72649999999999,0.0
10.349450000000001,-83.32669999999999,0.0
10.7884,-83.97640000000001,0.0
9.4716,-84.67615,0.0
10.83715,-83.42665,0.0
9.813,-84.27629999999999,0.0
9.9105,-82.67695,0.0
8.8376,-83.2767,0.0
10.447,-83.82650000000001,0.0
8.6913,-82.9768,0.0
9.2765,-82.577,0.0
11.03225,-85.8757,0.0
10.7884,-85.126,0.0
8.88635,-83.17675,0.0
9.179,-83.97640000000001,0.0
10.7396,-84.42625000000001,0.0
9.86175,-82.7269,0.0
10.9835,-85.5258,0.0
10.1544,-83.02680000000001,0.0
11.081,-85.92564999999999,0.0
9.4716,-82.9768,0.0
10.83715,-85.126,0.0
9.08145,-84.12639999999999,0.0
9.4228,-82.92685,0.0
10.69085,-84.3263,0.0
10.7396,-85.5758,0.0
8.9839,-83.8765,0.0
8.9351,-83.2767,0.0
10.05685,-85.17595,0.0
10.7396,-84.7761,0.0
9.179,-83.3767,0.0
9.22775,-83.97640000000001,0.0
8.88635,-83.07679999999999,0.0
9.56915,-84.17635,0.0
11.03225,-85.7757,0.0
9.4716,-84.0264,0.0
8.9351,-82.77690000000001,0.0
10.05685,-85.02600000000001,0.0
10.1056,-82.92685,0.0
10.2519,-83.17675,0.0
10.349450000000001,-84.27629999999999,0.0
8.6425,-82.7269,0.0
10.2519,-85.5258,0.0
9.1302,-83.97640000000001,0.0
9.56915,-84.976,0.0
10.1544,-84.0764,0.0
9.71545,-83.92645,0.0
9.4716,-83.47659999999999,0.0
9.1302,-83.07679999999999,0.0
9.4228,-82.9768,0.0
9.6667,-85.47579999999999,0.0
8.9839,-83.7765,0.0
9.3253,-84.52619999999999,0.0
10.2519,-84.7261,0.0
9.9593,-83.97640000000001,0.0
10.5933,-85.2259,0.0
10.349450000000001,-84.3263,0.0
10.2519,-83.5266,0.0
9.2765,-83.47659999999999,0.0
8.1548,-83.07679999999999,0.0
10.1056,-85.3759,0.0
10.1544,-84.87610000000001,0.0
9.56915,-85.02600000000001,0.0
9.3253,-83.82650000000001,0.0
10.4958,-85.32589999999999,0.0
10.7396,-84.22630000000001,0.0
8.3011,-83.42665,0.0
9.56915,-83.07679999999999,0.0
11.1298,-85.67575,0.0
11.03225,-84.7261,0.0
10.1056,-83.02680000000001,0.0
10.1056,-82.9768,0.0
10.7884,-85.6258,0.0
8.3011,-83.07679999999999,0.0
10.3007,-83.07679999999999,0.0
10.1056,-85.92564999999999,0.0
9.71545,-84.4762,0.0
8.2036,-83.5266,0.0
9.71545,-82.9768,0.0
9.813,-83.42665,0.0
8.9351,-83.2267,0.0
9.56915,-84.3763,0.0
8.9839,-83.5266,0.0
10.2519,-85.2259,0.0
9.2765,-84.17635,0.0
10.83715,-84.5762,0.0
10.83715,-84.12639999999999,0.0
8.3011,-82.8769,0.0
10.1056,-84.42625000000001,0.0
8.3499,-83.5266,0.0
10.7884,-84.7261,0.0
9.3253,-84.0764,0.0
8.59375,-82.8769,0.0
9.5204,-84.12639999999999,0.0
9.9593,-84.87610000000001,0.0
10.3982,-85.5258,0.0
8.9351,-83.07679999999999,0.0
10.1544,-83.2767,0.0
8.4474,-83.7765,0.0
10.6421,-83.72649999999999,0.0
9.71545,-83.1268,0.0
9.9593,-82.8769,0.0
11.03225,-85.67575,0.0
9.5204,-83.02680000000001,0.0
8.6913,-82.67695,0.0
10.5933,-85.17595,0.0
8.4962,-83.1268,0.0
10.5933,-83.3767,0.0
10.7396,-83.82650000000001,0.0
9.08145,-83.42665,0.0
10.0081,-85.67575,0.0
10.2519,-84.92605,0.0
9.813,-85.72569999999999,0.0
9.5204,-83.8765,0.0
9.1302,-83.47659999999999,0.0
9.1302,-83.82650000000001,0.0
9.6179,-83.02680000000001,0.0
9.4716,-83.72649999999999,0.0
8.2036,-83.32669999999999,0.0
11.081,-84.62620000000001,0.0
8.4474,-82.92685,0.0
10.2519,-83.2267,0.0
9.6179,-84.3763,0.0
9.37405,-84.42625000000001,0.0
10.69085,-85.2259,0.0
10.349450000000001,-84.52619999999999,0.0
9.0327,-82.8269,0.0
8.88635,-82.77690000000001,0.0
8.4962,-83.92645,0.0
10.5933,-84.62620000000001,0.0
10.7396,-84.3263,0.0
10.69085,-83.42665,0.0
9.813,-83.82650000000001,0.0
9.9593,-84.7761,0.0
8.8376,-82.62700000000001,0.0
9.86175,-85.076,0.0
8.39865,-83.7765,0.0
10.3007,-85.2259,0.0
9.71545,-82.577,0.0
9.6179,-84.67615,0.0
9.5204,-85.32589999999999,0.0
9.37405,-84.27629999999999,0.0
10.9347,-85.92564999999999,0.0
10.9347,-85.126,0.0
9.6179,-84.8261,0.0
9.6667,-85.5758,0.0
10.69085,-83.2767,0.0
10.1544,-83.3767,0.0
9.1302,-83.67654999999999,0.0
10.1056,-85.7757,0.0
10.3982,-84.17635,0.0
10.9347,-84.42625000000001,0.0
10.9835,-85.67575,0.0
8.7888,-83.92645,0.0
9.71545,-83.2267,0.0
10.9835,-84.42625000000001,0.0
10.05685,-85.47579999999999,0.0
9.6667,-83.47659999999999,0.0
8.8376,-83.1268,0.0
8.59375,-82.92685,0.0
10.05685,-84.62620000000001,0.0
8.74005,-83.42665,0.0
10.447,-84.27629999999999,0.0
9.56915,-83.47659999999999,0.0
9.4716,-85.27590000000001,0.0
9.56915,-84.27629999999999,0.0
8.3499,-82.8769,0.0
10.20315,-83.47659999999999,0.0
9.9593,-85.27590000000001,0.0
9.3253,-84.27629999999999,0.0
10.544550000000001,-85.7757,0.0
8.8376,-83.7765,0.0
10.1056,-84.92605,0.0
10.7884,-84.52619999999999,0.0
9.37405,-82.9768,0.0
10.6421,-83.8765,0.0
10.3007,-83.2267,0.0
9.37405,-83.47659999999999,0.0
10.69085,-85.42585,0.0
9.86175,-84.0264,0.0
10.2519,-84.976,0.0
10.0081,-83.5766,0.0
10.6421,-84.17635,0.0
9.9593,-85.5258,0.0
10.2519,-85.82570000000001,0.0
9.7642,-84.7761,0.0
9.6667,-84.17635,0.0
9.7642,-83.32669999999999,0.0
10.5933,-85.3759,0.0
9.56915,-84.3263,0.0
9.08145,-83.67654999999999,0.0
9.813,-83.2767,0.0
9.86175,-84.8261,0.0
10.8859,-85.5258,0.0
10.4958,-84.52619999999999,0.0
9.86175,-85.3759,0.0
9.7642,-85.42585,0.0
9.7642,-82.67695,0.0
9.86175,-84.42625000000001,0.0
9.71545,-84.7261,0.0
9.7642,-84.7261,0.0
9.179,-83.1268,0.0
10.3982,-85.126,0.0
9.2765,-82.67695,0.0
10.447,-84.4762,0.0
10.544550000000001,-85.5758,0.0
11.03225,-85.3759,0.0
10.7884,-83.5266,0.0
10.3982,-85.17595,0.0
8.545,-83.82650000000001,0.0
8.6425,-83.02680000000001,0.0
10.69085,-85.82570000000001,0.0
9.71545,-83.82650000000001,0.0
10.7396,-85.126,0.0
10.05685,-85.3759,0.0
8.3499,-83.7765,0.0
9.5204,-83.6266,0.0
10.7884,-85.7757,0.0
8.545,-83.2267,0.0
9.4228,-82.67695,0.0
9.4228,-83.42665,0.0
10.0081,-85.42585,0.0
8.545,-83.02680000000001,0.0
10.1544,-83.67654999999999,0.0
8.6913,-83.02680000000001,0.0
10.349450000000001,-83.5766,0.0
10.544550000000001,-83.97640000000001,0.0
10.1056,-83.8765,0.0
10.6421,-83.7765,0.0
11.17855,-85.32589999999999,0.0
10.2519,-85.72569999999999,0.0
10.0081,-85.126,0.0
9.4716,-84.42625000000001,0.0
9.9593,-82.62700000000001,0.0
9.813,-82.67695,0.0
9.6667,-84.67615,0.0
10.8859,-85.02600000000001,0.0
9.86175,-85.8757,0.0
8.3499,-83.67654999999999,0.0
9.4228,-82.577,0.0
8.9351,-83.17675,0.0
10.6421,-84.22630000000001,0.0
9.9593,-82.9768,0.0
10.5933,-84.22630000000001,0.0
9.71545,-84.0264,0.0
10.9347,-85.72569999999999,0.0
8.3011,-83.72649999999999,0.0
10.8859,-84.12639999999999,0.0
10.7396,-83.92645,0.0
10.4958,-85.67575,0.0
9.56915,-84.7761,0.0
9.5204,-84.27629999999999,0.0
10.6421,-85.5258,0.0
10.4958,-83.3767,0.0
9.08145,-83.47659999999999,0.0
10.349450000000001,-84.62620000000001,0.0
9.7642,-84.67615,0.0
10.349450000000001,-83.2267,0.0
9.5204,-84.4762,0.0
9.0327,-83.07679999999999,0.0
10.8859,-83.7765,0.0
9.08145,-82.62700000000001,0.0
8.1548,-83.2267,0.0
9.6179,-84.17635,0.0
10.3982,-85.82570000000001,0.0
10.9835,-85.126,0.0
10.1544,-85.42585,0.0
8.4474,-83.02680000000001,0.0
8.9839,-83.6266,0.0
10.7396,-84.92605,0.0
8.3011,-83.67654999999999,0.0
9.71545,-82.62700000000001,0.0
8.545,-82.8769,0.0
9.1302,-83.02680000000001,0.0
10.0081,-84.7261,0.0
9.5204,-83.82650000000001,0.0
10.1056,-85.42585,0.0
9.0327,-82.77690000000001,0.0
10.3982,-84.4762,0.0
8.74005,-83.07679999999999,0.0
10.5933,-85.7757,0.0
10.349450000000001,-83.17675,0.0
9.37405,-82.67695,0.0
9.56915,-83.8765,0.0
10.447,-83.32669999999999,0.0
8.2036,-83.5766,0.0
8.4962,-83.6266,0.0
10.3007,-85.27590000000001,0.0
9.9593,-82.77690000000001,0.0
10.447,-85.42585,0.0
10.447,-84.92605,0.0
10.3982,-85.3759,0.0
10.83715,-84.27629999999999,0.0
10.9835,-84.87610000000001,0.0
9.6667,-85.2259,0.0
10.1544,-84.4762,0.0
9.86175,-85.72569999999999,0.0
10.349450000000001,-85.2259,0.0
9.7642,-83.1268,0.0
10.544550000000001,-85.8757,0.0
10.1056,-83.1268,0.0
9.179,-83.67654999999999,0.0
9.0327,-83.2267,0.0
10.20315,-84.27629999999999,0.0
10.7884,-85.076,0.0
10.8859,-84.3263,0.0
11.1298,-85.5258,0.0
10.447,-85.3759,0.0
10.1544,-84.7261,0.0
8.4474,-83.17675,0.0
8.6913,-83.8765,0.0
9.5204,-83.07679999999999,0.0
9.4228,-82.8269,0.0
10.6421,-84.12639999999999,0.0
9.86175,-84.17635,0.0
9.6667,-83.2767,0.0
8.6913,-83.92645,0.0
10.8859,-84.4762,0.0
9.86175,-85.27590000000001,0.0
10.8859,-84.3763,0.0
9.56915,-84.67615,0.0
10.05685,-85.92564999999999,0.0
9.0327,-83.47659999999999,0.0
9.5204,-85.126,0.0
9.08145,-82.8269,0.0
9.4228,-84.7261,0.0
8.4962,-82.8769,0.0
9.4228,-85.27590000000001,0.0
8.8376,-82.77690000000001,0.0
10.05685,-84.42625000000001,0.0
8.59375,-83.8765,0.0
10.7396,-83.5766,0.0
9.9593,-85.3759,0.0
9.4228,-84.22630000000001,0.0
10.544550000000001,-84.5762,0.0
8.4962,-83.67654999999999,0.0
8.2036,-83.2267,0.0
8.1548,-83.1268,0.0
10.1056,-84.0264,0.0
10.4958,-83.2767,0.0
9.9105,-85.82570000000001,0.0
10.3007,-83.6266,0.0
10.2519,-85.32589999999999,0.0
10.9347,-85.076,0.0
8.3499,-83.72649999999999,0.0
8.59375,-83.6266,0.0
11.03225,-84.8261,0.0
10.83715,-83.7765,0.0
10.05685,-85.126,0.0
9.9105,-83.72649999999999,0.0
9.6667,-85.27590000000001,0.0
10.0081,-85.92564999999999,0.0
8.3011,-83.02680000000001,0.0
10.7884,-85.5758,0.0
9.4716,-84.0764,0.0
10.0081,-83.32669999999999,0.0
9.56915,-83.42665,0.0
9.6667,-82.577,0.0
10.4958,-85.72569999999999,0.0
9.4228,-82.8769,0.0
10.83715,-83.67654999999999,0.0
9.0327,-84.0264,0.0
10.3982,-85.42585,0.0
9.71545,-85.47579999999999,0.0
9.71545,-83.2767,0.0
9.37405,-84.22630000000001,0.0
9.37405,-83.42665,0.0
9.813,-82.9768,0.0
10.20315,-85.7757,0.0
10.544550000000001,-84.0764,0.0
9.9593,-83.2767,0.0
10.8859,-85.126,0.0
10.9347,-84.62620000000001,0.0
8.8376,-83.32669999999999,0.0
10.05685,-83.2767,0.0
10.2519,-83.72649999999999,0.0
10.8859,-84.52619999999999,0.0
10.544550000000001,-83.2267,0.0
10.544550000000001,-85.47579999999999,0.0
10.2519,-85.7757,0.0
10.0081,-85.7757,0.0
9.08145,-83.8765,0.0
9.6667,-83.92645,0.0
9.5204,-85.17595,0.0
10.9347,-85.47579999999999,0.0
10.2519,-85.3759,0.0
10.4958,-85.27590000000001,0.0
10.0081,-83.8765,0.0
9.813,-84.7761,0.0
10.8859,-83.5766,0.0
8.3499,-83.02680000000001,0.0
9.9593,-84.3263,0.0
10.349450000000001,-85.17595,0.0
10.1056,-83.07679999999999,0.0
8.8376,-83.02680000000001,0.0
10.05685,-85.076,0.0
10.05685,-83.97640000000001,0.0
10.20315,-84.976,0.0
9.4716,-83.92645,0.0
10.05685,-84.976,0.0
9.4228,-84.62620000000001,0.0
10.20315,-83.07679999999999,0.0
9.5204,-84.7761,0.0
11.17855,-85.7757,0.0
9.813,-83.17675,0.0
11.17855,-85.82570000000001,0.0
10.1544,-84.42625000000001,0.0
8.3499,-83.42665,0.0
9.71545,-85.3759,0.0
10.5933,-85.47579999999999,0.0
10.05685,-84.87610000000001,0.0
9.1302,-83.17675,0.0
10.69085,-84.7761,0.0
10.4958,-83.32669999999999,0.0
10.6421,-83.2767,0.0
10.1544,-83.5766,0.0
10.3007,-84.3763,0.0
10.69085,-84.12639999999999,0.0
10.1056,-84.87610000000001,0.0
9.1302,-84.0264,0.0
9.37405,-82.92685,0.0
10.1056,-85.6258,0.0
9.4716,-82.92685,0.0
10.0081,-85.32589999999999,0.0
9.4228,-83.5766,0.0
10.69085,-83.3767,0.0
9.71545,-83.02680000000001,0.0
9.4716,-83.02680000000001,0.0
10.7396,-84.3763,0.0
10.9835,-85.32589999999999,0.0
9.37405,-83.5266,0.0
8.545,-83.7765,0.0
10.69085,-84.4762,0.0
10.349450000000001,-85.42585,0.0
10.5933,-83.32669999999999,0.0
10.349450000000001,-83.7765,0.0
10.6421,-83.32669999999999,0.0
8.39865,-83.67654999999999,0.0
11.1298,-85.6258,0.0
9.3253,-83.47659999999999,0.0
10.0081,-83.82650000000001,0.0
10.1056,-85.8757,0.0
10.2519,-85.076,0.0
10.20315,-83.17675,0.0
10.4958,-83.2267,0.0
9.08145,-83.92645,0.0
9.37405,-85.126,0.0
9.4228,-84.0264,0.0
9.2765,-83.42665,0.0
9.9105,-83.92645,0.0
8.59375,-83.3767,0.0
9.4716,-82.62700000000001,0.0
9.7642,-83.72649999999999,0.0
9.179,-82.92685,0.0
10.4958,-85.5758,0.0
10.20315,-85.42585,0.0
10.0081,-83.72649999999999,0.0
10.1544,-83.1268,0.0
10.2519,-85.02600000000001,0.0
10.20315,-83.32669999999999,0.0
10.3982,-83.5766,0.0
8.2036,-83.67654999999999,0.0
9.22775,-84.3263,0.0
10.0081,-85.5258,0.0
10.3007,-84.42625000000001,0.0
8.25235,-83.3767,0.0
9.9593,-83.3767,0.0
9.56915,-84.4762,0.0
9.9593,-85.32589999999999,0.0
9.7642,-85.27590000000001,0.0
9.5204,-83.5766,0.0
10.4958,-83.42665,0.0
10.3007,-84.87610000000001,0.0
9.5204,-85.27590000000001,0.0
8.545,-82.7269,0.0
10.2519,-85.8757,0.0
10.4958,-85.82570000000001,0.0
9.6667,-83.17675,0.0
10.2519,-85.5758,0.0
10.447,-84.3263,0.0
9.3253,-83.42665,0.0
8.6425,-82.8769,0.0
8.74005,-82.8769,0.0
11.17855,-85.5258,0.0
10.9347,-85.8757,0.0
10.7396,-84.52619999999999,0.0
11.03225,-85.32589999999999,0.0
10.447,-83.17675,0.0
10.1056,-83.2267,0.0
8.4962,-82.8269,0.0
8.10605,-83.07679999999999,0.0
9.3253,-84.3263,0.0
10.447,-85.27590000000001,0.0
9.56915,-82.9768,0.0
10.7884,-85.47579999999999,0.0
8.1548,-83.2767,0.0
9.3253,-84.4762,0.0
9.37405,-84.7261,0.0
9.4716,-82.7269,0.0
10.0081,-83.67654999999999,0.0
8.59375,-83.17675,0.0
9.9593,-84.0264,0.0
10.2519,-85.27590000000001,0.0
9.7642,-85.126,0.0
8.545,-82.77690000000001,0.0
10.3007,-85.126,0.0
9.56915,-83.92645,0.0
10.69085,-83.6266,0.0
10.20315,-83.82650000000001,0.0
9.71545,-85.5258,0.0
9.7642,-83.92645,0.0
9.179,-83.02680000000001,0.0
9.6179,-83.47659999999999,0.0
9.37405,-82.577,0.0
9.9105,-85.3759,0.0
9.86175,-85.5258,0.0
11.081,-85.17595,0.0
10.05685,-84.92605,0.0
11.2273,-85.82570000000001,0.0
9.71545,-84.22630000000001,0.0
8.4962,-83.5266,0.0
9.86175,-84.92605,0.0
9.7642,-83.3767,0.0
8.25235,-83.6266,0.0
10.83715,-84.62620000000001,0.0
10.1056,-83.7765,0.0
10.0081,-84.5762,0.0
10.69085,-85.126,0.0
9.6667,-85.5258,0.0
8.25235,-83.67654999999999,0.0
9.5204,-83.32669999999999,0.0
10.05685,-82.92685,0.0
9.6667,-82.92685,0.0
11.03225,-85.076,0.0
9.5204,-82.67695,0.0
9.86175,-85.17595,0.0
10.349450000000001,-83.47659999999999,0.0
9.5204,-83.97640000000001,0.0
10.3007,-83.5766,0.0
8.3499,-82.9768,0.0
10.83715,-83.47659999999999,0.0
9.4716,-83.42665,0.0
10.9347,-84.3763,0.0
9.6179,-82.577,0.0
10.20315,-84.42625000000001,0.0
10.544550000000001,-85.92564999999999,0.0
9.86175,-82.577,0.0
10.349450000000001,-84.976,0.0
10.4958,-85.126,0.0
10.83715,-83.6266,0.0
8.4474,-82.8769,0.0
11.081,-84.8261,0.0
8.9839,-83.17675,0.0
10.5933,-84.5762,0.0
10.8859,-85.32589999999999,0.0
10.9347,-84.67615,0.0
9.7642,-84.42625000000001,0.0
10.0081,-82.8769,0.0
10.1544,-84.22630000000001,0.0
9.1302,-84.27629999999999,0.0
10.5933,-84.67615,0.0
10.20315,-85.82570000000001,0.0
9.6667,-84.4762,0.0
9.86175,-84.27629999999999,0.0
10.3982,-85.8757,0.0
11.1298,-85.7757,0.0
10.3982,-83.17675,0.0
10.05685,-85.2259,0.0
10.5933,-83.82650000000001,0.0
10.1056,-84.3263,0.0
9.1302,-83.1268,0.0
10.1544,-85.92564999999999,0.0
10.0081,-83.92645,0.0
10.6421,-83.47659999999999,0.0
9.7642,-82.577,0.0
10.3982,-85.2259,0.0
10.05685,-85.82570000000001,0.0
9.86175,-84.62620000000001,0.0
9.813,-85.67575,0.0
10.1544,-84.92605,0.0
11.2273,-85.5258,0.0
11.03225,-84.67615,0.0
10.69085,-85.17595,0.0
9.56915,-83.02680000000001,0.0
10.1544,-85.126,0.0
9.1302,-83.8765,0.0
10.3982,-83.2267,0.0
10.20315,-85.5758,0.0
8.8376,-83.17675,0.0
9.1302,-83.2767,0.0
9.37405,-84.976,0.0
9.9105,-84.3263,0.0
8.9839,-83.32669999999999,0.0
10.8859,-84.42625000000001,0.0
10.05685,-83.82650000000001,0.0
10.05685,-84.5762,0.0
10.3982,-84.42625000000001,0.0
9.2765,-84.27629999999999,0.0
9.86175,-84.22630000000001,0.0
9.6179,-84.87610000000001,0.0
9.7642,-84.87610000000001,0.0
9.813,-85.076,0.0
10.1056,-83.6266,0.0
10.8859,-84.62620000000001,0.0
10.544550000000001,-85.02600000000001,0.0
10.83715,-85.8757,0.0
10.20315,-85.17595,0.0
9.4228,-84.3763,0.0
9.08145,-84.17635,0.0
10.1056,-83.72649999999999,0.0
9.6179,-84.92605,0.0
9.7642,-85.6258,0.0
9.5204,-84.87610000000001,0.0
9.7642,-82.92685,0.0
10.6421,-84.7761,0.0
9.7642,-84.8261,0.0
10.6421,-83.3767,0.0
10.349450000000001,-85.6258,0.0
8.7888,-82.67695,0.0
8.545,-83.1268,0.0
11.081,-85.72569999999999,0.0
10.4958,-83.5766,0.0
9.71545,-83.5766,0.0
9.813,-85.5258,0.0
9.86175,-84.87610000000001,0.0
10.9835,-84.976,0.0
10.4958,-84.17635,0.0
10.5933,-84.4762,0.0
10.447,-85.5758,0.0
9.56915,-84.92605,0.0
9.86175,-85.32589999999999,0.0
10.0081,-85.72569999999999,0.0
11.081,-85.3759,0.0
8.9351,-83.02680000000001,0.0
10.9835,-84.5762,0.0
8.6425,-82.8269,0.0
10.5933,-83.7765,0.0
9.9593,-83.92645,0.0
9.6179,-82.92685,0.0
10.5933,-85.92564999999999,0.0
9.4716,-84.27629999999999,0.0
9.6667,-83.8765,0.0
10.6421,-84.42625000000001,0.0
9.22775,-84.0764,0.0
10.349450000000001,-83.67654999999999,0.0
8.3011,-83.7765,0.0
9.0327,-82.8769,0.0
9.5204,-82.8769,0.0
10.6421,-83.2267,0.0
10.0081,-83.3767,0.0
9.4228,-84.976,0.0
10.05685,-85.32589999999999,0.0
9.179,-82.8769,0.0
8.6425,-83.97640000000001,0.0
11.03225,-85.6258,0.0
9.813,-84.4762,0.0
10.447,-85.6258,0.0
10.447,-83.2267,0.0
9.6179,-83.5766,0.0
9.9105,-82.8269,0.0
9.9105,-84.67615,0.0
10.6421,-85.7757,0.0
9.179,-83.92645,0.0
8.74005,-83.92645,0.0
9.6179,-82.9768,0.0
9.9593,-82.67695,0.0
9.4716,-83.6266,0.0
8.4962,-82.9768,0.0
10.349450000000001,-84.4762,0.0
10.05685,-84.17635,0.0
9.6179,-85.02600000000001,0.0
10.3982,-84.27629999999999,0.0
10.0081,-83.2267,0.0
10.05685,-84.7761,0.0
8.545,-83.07679999999999,0.0
8.25235,-82.92685,0.0
9.71545,-83.3767,0.0
9.4716,-83.1268,0.0
10.447,-85.02600000000001,0.0
9.813,-85.7757,0.0
9.6667,-83.82650000000001,0.0
8.74005,-83.6266,0.0
10.6421,-85.076,0.0
10.1056,-84.67615,0.0
8.88635,-83.72649999999999,0.0
9.5204,-84.62620000000001,0.0
10.8859,-84.67615,0.0
10.9835,-84.7761,0.0
9.71545,-82.77690000000001,0.0
9.7642,-83.02680000000001,0.0
10.544550000000001,-83.42665,0.0
10.83715,-85.27590000000001,0.0
11.03225,-85.27590000000001,0.0
9.1302,-83.5766,0.0
10.1544,-84.67615,0.0
9.6667,-84.976,0.0
10.69085,-84.3763,0.0
9.56915,-84.52619999999999,0.0
9.7642,-84.0264,0.0
8.3011,-83.6266,0.0
10.2519,-83.82650000000001,0.0
9.1302,-84.0764,0.0
10.3007,-83.8765,0.0
10.6421,-85.47579999999999,0.0
9.5204,-84.8261,0.0
10.1056,-82.8269,0.0
10.3007,-85.5758,0.0
10.7884,-85.67575,0.0
8.25235,-83.2767,0.0
10.349450000000001,-83.72649999999999,0.0
10.3007,-85.92564999999999,0.0
9.4716,-84.3263,0.0
10.69085,-85.8757,0.0
11.03225,-84.92605,0.0
10.0081,-85.17595,0.0
9.3253,-83.92645,0.0
10.3007,-84.67615,0.0
10.447,-85.92564999999999,0.0
11.17855,-85.67575,0.0
10.83715,-84.42625000000001,0.0
9.2765,-83.97640000000001,0.0
8.59375,-83.92645,0.0
9.179,-84.27629999999999,0.0
8.9839,-82.77690000000001,0.0
9.4716,-83.07679999999999,0.0
9.179,-82.9768,0.0
9.813,-84.67615,0.0
11.1298,-85.3759,0.0
10.349450000000001,-84.17635,0.0
9.71545,-83.07679999999999,0.0
9.3253,-84.0264,0.0
8.4962,-83.17675,0.0
10.3007,-84.92605,0.0
11.03225,-84.52619999999999,0.0
10.05685,-85.7757,0.0
9.56915,-83.6266,0.0
10.447,-83.72649999999999,0.0
8.9839,-82.577,0.0
9.6667,-83.67654999999999,0.0
10.0081,-84.27629999999999,0.0
10.1544,-85.47579999999999,0.0
10.6421,-84.976,0.0
9.179,-84.22630000000001,0.0
10.0081,-84.4762,0.0
10.6421,-85.32589999999999,0.0
9.813,-85.27590000000001,0.0
9.5204,-83.3767,0.0
10.05685,-84.4762,0.0
11.081,-84.7261,0.0
10.3982,-83.42665,0.0
8.74005,-83.5766,0.0
10.3007,-85.076,0.0
10.7396,-84.87610000000001,0.0
10.20315,-83.2267,0.0
9.9105,-82.9768,0.0
8.7888,-83.82650000000001,0.0
10.20315,-85.6258,0.0
9.9593,-85.02600000000001,0.0
8.545,-83.67654999999999,0.0
9.6667,-85.32589999999999,0.0
11.2273,-85.47579999999999,0.0
9.9593,-82.7269,0.0
9.5204,-82.77690000000001,0.0
9.56915,-84.0264,0.0
9.86175,-85.02600000000001,0.0
10.8859,-85.92564999999999,0.0
8.545,-83.6266,0.0
10.1056,-83.32669999999999,0.0
10.8859,-83.72649999999999,0.0
10.1544,-83.07679999999999,0.0
9.37405,-83.32669999999999,0.0
8.4962,-83.02680000000001,0.0
9.7642,-84.0764,0.0
10.05685,-83.17675,0.0
9.86175,-85.42585,0.0
10.2519,-83.2767,0.0
10.6421,-84.4762,0.0
9.71545,-84.0764,0.0
9.6667,-83.7765,0.0
9.0327,-83.8765,0.0
8.7888,-83.1268,0.0
9.71545,-84.8261,0.0
10.6421,-84.92605,0.0
8.0573,-83.1268,0.0
10.3982,-85.7757,0.0
10.1056,-84.7761,0.0
9.86175,-83.32669999999999,0.0
10.7884,-83.32669999999999,0.0
9.7642,-85.72569999999999,0.0
8.9351,-83.5766,0.0
9.4716,-84.5762,0.0
10.1056,-85.5758,0.0
10.3007,-83.72649999999999,0.0
10.7396,-83.72649999999999,0.0
9.6179,-83.97640000000001,0.0
10.0081,-85.27590000000001,0.0
9.4716,-84.8261,0.0
9.4228,-84.52619999999999,0.0
10.4958,-85.47579999999999,0.0
9.86175,-83.5266,0.0
10.69085,-84.8261,0.0
11.081,-85.8757,0.0
9.86175,-84.52619999999999,0.0
10.5933,-85.02600000000001,0.0
8.88635,-82.92685,0.0
8.9351,-83.67654999999999,0.0
10.9347,-84.52619999999999,0.0
8.0573,-83.2767,0.0
10.4958,-85.42585,0.0
10.20315,-84.22630000000001,0.0
9.1302,-84.12639999999999,0.0
10.05685,-83.92645,0.0
9.9593,-84.8261,0.0
10.20315,-82.9768,0.0
10.83715,-85.92564999999999,0.0
10.6421,-85.6258,0.0
9.3253,-83.5266,0.0
10.05685,-83.07679999999999,0.0
10.544550000000001,-84.42625000000001,0.0
9.9105,-83.2767,0.0
9.9593,-85.5758,0.0
9.3253,-83.5766,0.0
9.71545,-85.076,0.0
10.8859,-85.82570000000001,0.0
9.4228,-83.6266,0.0
10.3982,-83.6266,0.0
8.3011,-83.2767,0.0
10.6421,-84.62620000000001,0.0
8.6913,-83.97640000000001,0.0
8.25235,-83.07679999999999,0.0
10.1544,-82.8769,0.0
8.3011,-82.92685,0.0
9.71545,-83.67654999999999,0.0
10.83715,-85.17595,0.0
10.0081,-84.3263,0.0
10.05685,-85.8757,0.0
9.71545,-85.17595,0.0
9.813,-83.92645,0.0
8.25235,-83.47659999999999,0.0
10.2519,-85.67575,0.0
8.9351,-82.7269,0.0
9.4228,-84.0764,0.0
8.2036,-82.9768,0.0
10.1056,-84.5762,0.0
10.20315,-85.92564999999999,0.0
10.83715,-84.17635,0.0
10.3982,-84.976,0.0
9.9105,-82.62700000000001,0.0
9.9593,-85.7757,0.0
9.9593,-82.8269,0.0
10.9347,-84.7761,0.0
10.05685,-84.12639999999999,0.0
10.69085,-84.62620000000001,0.0
10.6421,-85.8757,0.0
9.0327,-82.62700000000001,0.0
9.4716,-82.8769,0.0
9.7642,-83.2767,0.0
9.1302,-83.42665,0.0
10.4958,-85.02600000000001,0.0
11.03225,-85.126,0.0
9.5204,-83.2267,0.0
9.6667,-84.92605,0.0
10.0081,-84.0764,0.0
10.544550000000001,-83.8765,0.0
9.7642,-82.9768,0.0
9.813,-85.02600000000001,0.0
8.10605,-83.2767,0.0
10.1544,-85.6258,0.0
9.1302,-83.2267,0.0
8.9351,-83.6266,0.0
10.7884,-84.42625000000001,0.0
9.0327,-84.0764,0.0
10.6421,-85.3759,0.0
10.20315,-83.1268,0.0
10.544550000000001,-85.5258,0.0
10.5933,-84.92605,0.0
9.4228,-85.2259,0.0
9.6179,-84.7261,0.0
8.9351,-82.92685,0.0
8.88635,-83.6266,0.0
9.9105,-85.2259,0.0
11.03225,-85.92564999999999,0.0
8.59375,-82.9768,0.0
9.9105,-84.92605,0.0
9.7642,-84.4762,0.0
9.86175,-85.82570000000001,0.0
10.05685,-85.67575,0.0
9.86175,-85.7757,0.0
9.0327,-83.17675,0.0
8.2036,-83.2767,0.0
10.6421,-85.72569999999999,0.0
8.39865,-83.17675,0.0
10.2519,-83.32669999999999,0.0
11.1298,-85.47579999999999,0.0
10.447,-83.6266,0.0
10.9347,-85.82570000000001,0.0
10.2519,-84.5762,0.0
10.7884,-85.27590000000001,0.0
9.6179,-85.126,0.0
9.9105,-82.8769,0.0
9.4716,-82.67695,0.0
8.88635,-82.9768,0.0
9.6667,-84.5762,0.0
10.4958,-83.7765,0.0
10.349450000000001,-85.72569999999999,0.0
9.56915,-83.17675,0.0
10.1544,-85.5258,0.0
9.0327,-83.72649999999999,0.0
8.3499,-82.92685,0.0
11.081,-84.52619999999999,0.0
10.69085,-83.72649999999999,0.0
9.4228,-84.5762,0.0
9.6179,-84.12639999999999,0.0
9.9593,-83.7765,0.0
10.6421,-83.42665,0.0
8.6913,-83.82650000000001,0.0
10.5933,-85.076,0.0
10.69085,-85.32589999999999,0.0
9.56915,-83.2267,0.0
10.4958,-84.27629999999999,0.0
10.3007,-83.67654999999999,0.0
10.7884,-84.17635,0.0
10.3007,-85.6258,0.0
10.6421,-84.0264,0.0
10.544550000000001,-85.32589999999999,0.0
8.9351,-83.1268,0.0
11.081,-84.4762,0.0
10.0081,-84.67615,0.0
9.5204,-82.62700000000001,0.0
11.2273,-85.72569999999999,0.0
11.081,-85.2259,0.0
8.6913,-82.7269,0.0
9.86175,-84.976,0.0
9.86175,-82.77690000000001,0.0
9.37405,-82.8769,0.0
8.74005,-82.62700000000001,0.0
9.0327,-83.02680000000001,0.0
10.83715,-84.3263,0.0
9.37405,-84.3763,0.0
10.69085,-84.0264,0.0
9.7642,-84.3763,0.0
8.6425,-83.5766,0.0
10.7396,-83.3767,0.0
10.7884,-84.62620000000001,0.0
10.20315,-85.32589999999999,0.0
10.83715,-85.7757,0.0
8.545,-83.92645,0.0
9.4716,-83.67654999999999,0.0
9.813,-85.2259,0.0
9.2765,-82.62700000000001,0.0
9.813,-85.6258,0.0
9.86175,-84.12639999999999,0.0
10.1544,-84.8261,0.0
10.05685,-84.67615,0.0
8.1548,-83.32669999999999,0.0
9.813,-83.47659999999999,0.0
10.7396,-85.8757,0.0
10.7396,-85.72569999999999,0.0
9.6179,-83.2767,0.0
9.3253,-84.12639999999999,0.0
9.86175,-83.2767,0.0
10.3007,-85.02600000000001,0.0
9.9105,-84.87610000000001,0.0
8.7888,-82.8769,0.0
10.447,-83.92645,0.0
10.1544,-85.67575,0.0
9.7642,-83.82650000000001,0.0
10.0081,-85.02600000000001,0.0
10.0081,-83.42665,0.0
9.5204,-84.67615,0.0
10.7396,-84.27629999999999,0.0
8.4474,-83.72649999999999,0.0
8.9351,-83.82650000000001,0.0
9.4228,-83.8765,0.0
10.83715,-84.67615,0.0
10.4958,-83.72649999999999,0.0
10.1544,-83.47659999999999,0.0
10.69085,-83.2267,0.0
9.2765,-84.22630000000001,0.0
9.9105,-84.7261,0.0
10.4958,-85.2259,0.0
10.3007,-84.0764,0.0
8.25235,-82.9768,0.0
8.9839,-83.1268,0.0
10.69085,-85.6258,0.0
10.5933,-85.27590000000001,0.0
8.88635,-83.7765,0.0
11.081,-85.32589999999999,0.0
8.88635,-83.92645,0.0
9.3253,-84.22630000000001,0.0
10.7884,-84.67615,0.0
10.3982,-84.3763,0.0
9.813,-82.62700000000001,0.0
9.86175,-84.7261,0.0
9.7642,-82.62700000000001,0.0
10.6421,-83.82650000000001,0.0
11.17855,-85.5758,0.0
10.9347,-84.976,0.0
10.2519,-85.6258,0.0
10.05685,-85.6258,0.0
9.37405,-83.02680000000001,0.0
10.1056,-85.32589999999999,0.0
9.7642,-85.32589999999999,0.0
10.0081,-85.8757,0.0
10.544550000000001,-83.7765,0.0
9.37405,-85.02600000000001,0.0
10.7884,-84.3763,0.0
10.05685,-85.42585,0.0
9.5204,-83.92645,0.0
8.8376,-82.577,0.0
10.2519,-85.126,0.0
9.179,-84.0764,0.0
10.83715,-84.976,0.0
9.3253,-82.577,0.0
10.349450000000001,-83.6266,0.0
9.813,-84.12639999999999,0.0
10.3007,-85.32589999999999,0.0
8.7888,-83.7765,0.0
10.20315,-85.27590000000001,0.0
9.9593,-84.42625000000001,0.0
10.9347,-85.32589999999999,0.0
9.2765,-83.5766,0.0
10.3982,-84.67615,0.0
10.83715,-84.0764,0.0
10.1056,-84.62620000000001,0.0
10.0081,-84.42625000000001,0.0
8.9839,-82.8769,0.0
11.081,-85.7757,0.0
11.03225,-84.7761,0.0
10.05685,-82.9768,0.0
10.3982,-84.87610000000001,0.0
10.69085,-84.87610000000001,0.0
10.544550000000001,-85.82570000000001,0.0
9.7642,-85.7757,0.0
9.4228,-83.82650000000001,0.0
10.9835,-85.5758,0.0
9.86175,-82.8769,0.0
8.6425,-83.47659999999999,0.0
9.9105,-83.3767,0.0
10.3007,-85.72569999999999,0.0
9.56915,-84.8261,0.0
10.5933,-83.67654999999999,0.0
8.545,-82.9768,0.0
9.7642,-85.076,0.0
8.59375,-83.7765,0.0
10.349450000000001,-83.1268,0.0
8.3011,-83.5266,0.0
10.1544,-84.3263,0.0
9.22775,-84.27629999999999,0.0
10.6421,-85.27590000000001,0.0
10.8859,-85.27590000000001,0.0
10.447,-85.72569999999999,0.0
10.2519,-83.67654999999999,0.0
9.9105,-84.52619999999999,0.0
8.7888,-82.77690000000001,0.0
10.9347,-85.17595,0.0
9.08145,-83.97640000000001,0.0
10.7884,-83.6266,0.0
9.5204,-84.7261,0.0
10.83715,-85.67575,0.0
9.0327,-83.42665,0.0
10.69085,-85.72569999999999,0.0
9.813,-83.67654999999999,0.0
9.4228,-83.32669999999999,0.0
9.179,-84.12639999999999,0.0
10.20315,-83.67654999999999,0.0
10.7884,-85.3759,0.0
10.1056,-85.2259,0.0
9.71545,-83.8765,0.0
10.69085,-83.97640000000001,0.0
10.05685,-84.22630000000001,0.0
11.081,-84.7761,0.0
9.86175,-84.3263,0.0
9.9105,-85.5758,0.0
8.4474,-83.82650000000001,0.0
9.4228,-82.7269,0.0
8.9351,-82.8769,0.0
9.2765,-83.3767,0.0
10.9835,-85.17595,0.0
9.22775,-83.92645,0.0
9.179,-83.5766,0.0
8.6425,-82.77690000000001,0.0
8.9839,-83.42665,0.0
10.05685,-84.7261,0.0
9.179,-84.3263,0.0
11.17855,-85.8757,0.0
9.813,-85.47579999999999,0.0
9.86175,-85.6258,0.0
9.37405,-84.62620000000001,0.0
10.1544,-84.52619999999999,0.0
10.544550000000001,-85.076,0.0
10.9835,-85.076,0.0
9.813,-85.126,0.0
10.69085,-84.27629999999999,0.0
10.9835,-84.62620000000001,0.0
10.1056,-83.3767,0.0
11.081,-85.5258,0.0
10.544550000000001,-85.126,0.0
9.5204,-83.7765,0.0
9.6667,-84.62620000000001,0.0
10.349450000000001,-84.42625000000001,0.0
